Purkinje_edgelen,SigmaX,Ratio,Ratio2
0.5191763422350254,0.7226435159732747,5.462122574803537,9.923975206861147
1.1032511423346423,0.23690393819620156,7.978854365982255,5.687394407943253
0.8948084887096681,0.4068998974330047,4.199122072104463,7.263841313869607
1.5507766911156744,0.9712233114068489,6.225903503605439,8.323745251587384
1.94045240627347,0.6148294661631017,8.909263162254932,6.641109782229646
